{
  "timestamp": "2025-09-21T09:52:59.945970",
  "latency": {
    "lm_studio": {
      "mean": 28.88999180868268,
      "median": 28.581292019225657,
      "min": 23.623542016139254,
      "max": 36.577749997377396,
      "stdev": 4.85209059053853
    },
    "openai": {
      "mean": 468.3900333940983,
      "median": 378.5804999934044,
      "min": 307.0340839913115,
      "max": 764.4734999921639,
      "stdev": 185.14382233853505
    }
  },
  "similarity": [
    {
      "pair": "similar",
      "lm_studio": 0.8541360921389233,
      "openai": 0.9125842020504775
    },
    {
      "pair": "different",
      "lm_studio": 0.3705493063406935,
      "openai": 0.7017313547336801
    },
    {
      "pair": "related",
      "lm_studio": 0.4428427157708551,
      "openai": 0.7500073517325153
    }
  ],
  "throughput": {
    "lm_studio": {
      "duration_sec": 0.13062687497586012,
      "successful": 10,
      "rate": 76.55392507742378,
      "avg_ms": 13.062687497586012
    },
    "openai": {
      "duration_sec": 3.989004582981579,
      "successful": 10,
      "rate": 2.506891078206159,
      "avg_ms": 398.9004582981579
    }
  }
}